{
  "timestamp": "2026-01-25T03:20:50.517131",
  "total_scripts": 630,
  "passed": 627,
  "failed": 3,
  "pass_rate": 0.9952380952380953,
  "by_dj": {
    "julie": {
      "passed": 313,
      "failed": 2
    },
    "mr_new_vegas": {
      "passed": 314,
      "failed": 1
    }
  }
}